[{"id":"user-image-rf.jpg","publicUrl":"np://user.desktop.nicepage.com/Site_167249435/images/rf.jpg","size":285329,"fileName":"rf.jpg","name":"rf","width":600,"height":643,"thumbnail":{"url":"np://user.desktop.nicepage.com/Site_167249435/images/thumbnails/rf.jpg","width":233,"height":250},"originalUrl":"//images02.nicepage.com/c461c07a441a5d220e8feb1a/4c7d8810ccb457c6a71d8f7b/rf.jpg"},{"id":"user-image-s.jpg","publicUrl":"np://user.desktop.nicepage.com/Site_167249435/images/s.jpg","size":141354,"fileName":"s.jpg","name":"s","width":600,"height":643,"thumbnail":{"url":"np://user.desktop.nicepage.com/Site_167249435/images/thumbnails/s.jpg","width":233,"height":250},"originalUrl":"//images02.nicepage.com/c461c07a441a5d220e8feb1a/48f7c7f6a53c5b019012f6fa/s.jpg"},{"id":"user-image-photo-1535037235175-a6884f8444e6.jpg","publicUrl":"np://user.desktop.nicepage.com/Site_167249435/images/photo-1535037235175-a6884f8444e6.jpg","size":41738,"fileName":"photo-1535037235175-a6884f8444e6.jpg","name":"photo-1535037235175-a6884f8444e6","width":500,"height":750,"thumbnail":{"url":"np://user.desktop.nicepage.com/Site_167249435/images/thumbnails/photo-1535037235175-a6884f8444e6.jpg","width":167,"height":250},"originalUrl":"//images02.nicepage.com/c461c07a441a5d220e8feb1a/e45c62619410548a9b8c0cf4/photo-1535037235175-a6884f8444e6.jpg"},{"id":"user-image-fds.jpg","publicUrl":"np://user.desktop.nicepage.com/Site_167249435/images/fds.jpg","size":297250,"fileName":"fds.jpg","name":"fds","width":600,"height":643,"thumbnail":{"url":"np://user.desktop.nicepage.com/Site_167249435/images/thumbnails/fds.jpg","width":233,"height":250},"originalUrl":"//images02.nicepage.com/c461c07a441a5d220e8feb1a/a2c4d8642899536c99b439b3/fds.jpg"},{"id":"user-image-photo-1582146789073-ab04c210e9de.jpg","publicUrl":"np://user.desktop.nicepage.com/Site_167249435/images/photo-1582146789073-ab04c210e9de.jpg","size":87663,"fileName":"photo-1582146789073-ab04c210e9de.jpg","name":"photo-1582146789073-ab04c210e9de","width":500,"height":889,"thumbnail":{"url":"np://user.desktop.nicepage.com/Site_167249435/images/thumbnails/photo-1582146789073-ab04c210e9de.jpg","width":141,"height":250},"originalUrl":"//images02.nicepage.com/c461c07a441a5d220e8feb1a/75ba2dc24b595fca88d82076/photo-1582146789073-ab04c210e9de.jpg"},{"id":"user-image-photo-1540490190210-9e2825f75418.jpg","publicUrl":"np://user.desktop.nicepage.com/Site_167249435/images/photo-1540490190210-9e2825f75418.jpg","size":137876,"fileName":"photo-1540490190210-9e2825f75418.jpg","name":"photo-1540490190210-9e2825f75418","width":675,"height":901,"thumbnail":{"url":"np://user.desktop.nicepage.com/Site_167249435/images/thumbnails/photo-1540490190210-9e2825f75418.jpg","width":187,"height":250},"originalUrl":"//images02.nicepage.com/c461c07a441a5d220e8feb1a/5c6c1bc38f6a55a894674842/photo-1540490190210-9e2825f75418.jpg"},{"id":"user-image-c32438b58444b511f6eedfee2795f7b4.jpeg","publicUrl":"np://user.desktop.nicepage.com/Site_167249435/images/c32438b58444b511f6eedfee2795f7b4.jpeg","size":35305,"fileName":"c32438b58444b511f6eedfee2795f7b4.jpeg","name":"c32438b58444b511f6eedfee2795f7b4","width":676,"height":452,"thumbnail":{"url":"np://user.desktop.nicepage.com/Site_167249435/images/thumbnails/c32438b58444b511f6eedfee2795f7b4.jpeg","width":250,"height":167},"originalUrl":"//images01.nicepage.com/c3/24/c32438b58444b511f6eedfee2795f7b4.jpeg"},{"id":"user-image-cd53f9dd09091d2ad91e2c4d2a7092be.jpeg","publicUrl":"np://user.desktop.nicepage.com/Site_167249435/images/cd53f9dd09091d2ad91e2c4d2a7092be.jpeg","size":57434,"fileName":"cd53f9dd09091d2ad91e2c4d2a7092be.jpeg","name":"cd53f9dd09091d2ad91e2c4d2a7092be","width":676,"height":450,"thumbnail":{"url":"np://user.desktop.nicepage.com/Site_167249435/images/thumbnails/cd53f9dd09091d2ad91e2c4d2a7092be.jpeg","width":250,"height":166},"originalUrl":"//images01.nicepage.com/cd/53/cd53f9dd09091d2ad91e2c4d2a7092be.jpeg"},{"id":"user-image-250ab14c9bea31df467ae4d07e3dc9e0.jpeg","publicUrl":"np://user.desktop.nicepage.com/Site_167249435/images/250ab14c9bea31df467ae4d07e3dc9e0.jpeg","size":55127,"fileName":"250ab14c9bea31df467ae4d07e3dc9e0.jpeg","name":"250ab14c9bea31df467ae4d07e3dc9e0","width":676,"height":450,"thumbnail":{"url":"np://user.desktop.nicepage.com/Site_167249435/images/thumbnails/250ab14c9bea31df467ae4d07e3dc9e0.jpeg","width":250,"height":166},"originalUrl":"//images01.nicepage.com/25/0a/250ab14c9bea31df467ae4d07e3dc9e0.jpeg"},{"id":"user-image-pexelsphoto3551227.jpeg","publicUrl":"np://user.desktop.nicepage.com/Site_167249435/images/pexelsphoto3551227.jpeg","size":61983,"fileName":"pexelsphoto3551227.jpeg","name":"pexelsphoto3551227","width":1126,"height":1500,"thumbnail":{"url":"np://user.desktop.nicepage.com/Site_167249435/images/thumbnails/pexelsphoto3551227.jpeg","width":188,"height":250},"originalUrl":"//images03.nicepage.com/a1389d7bc73adea1e1c1fb7e/9b86f501ba475428a6433dc1/pexelsphoto3551227.jpeg"},{"id":"user-image-photo-1517957754642-2870518e16f8.jpg","publicUrl":"np://user.desktop.nicepage.com/Site_167249435/images/photo-1517957754642-2870518e16f8.jpg","size":133502,"fileName":"photo-1517957754642-2870518e16f8.jpg","name":"photo-1517957754642-2870518e16f8","width":701,"height":876,"thumbnail":{"url":"np://user.desktop.nicepage.com/Site_167249435/images/thumbnails/photo-1517957754642-2870518e16f8.jpg","width":200,"height":250},"originalUrl":"//images03.nicepage.com/c461c07a441a5d220e8feb1a/b8a3a8615a985d8f86df66a6/photo-1517957754642-2870518e16f8.jpg"},{"id":"user-image-pexelsphoto3393444.jpeg","publicUrl":"np://user.desktop.nicepage.com/Site_167249435/images/pexelsphoto3393444.jpeg","size":541011,"fileName":"pexelsphoto3393444.jpeg","name":"pexelsphoto3393444","width":1500,"height":1124,"thumbnail":{"url":"np://user.desktop.nicepage.com/Site_167249435/images/thumbnails/pexelsphoto3393444.jpeg","width":250,"height":187},"originalUrl":"//images03.nicepage.com/a1389d7bc73adea1e1c1fb7e/cb13e90f47525ee9b1d92ee7/pexelsphoto3393444.jpeg"},{"id":"user-image-photo-1432836627967-171c58844bde.jpg","publicUrl":"np://user.desktop.nicepage.com/Site_167249435/images/photo-1432836627967-171c58844bde.jpg","size":30898,"fileName":"photo-1432836627967-171c58844bde.jpg","name":"photo-1432836627967-171c58844bde","width":500,"height":500,"thumbnail":{"url":"np://user.desktop.nicepage.com/Site_167249435/images/thumbnails/photo-1432836627967-171c58844bde.jpg","width":250,"height":250},"originalUrl":"//images03.nicepage.com/c461c07a441a5d220e8feb1a/d55c95eb6ebc5104b0bb53f2/photo-1432836627967-171c58844bde.jpg"},{"id":"user-image-as.jpg","publicUrl":"np://user.desktop.nicepage.com/Site_167249435/images/as.jpg","size":167382,"fileName":"as.jpg","name":"as","width":900,"height":600,"thumbnail":{"url":"np://user.desktop.nicepage.com/Site_167249435/images/thumbnails/as.jpg","width":250,"height":167},"originalUrl":"//images03.nicepage.com/c461c07a441a5d220e8feb1a/c6276fdbf4ec5c22a4ea8c05/as.jpg"},{"id":"user-image-photo-1517486430290-35657bdcef51.jpg","publicUrl":"np://user.desktop.nicepage.com/Site_167249435/images/photo-1517486430290-35657bdcef51.jpg","size":26068,"fileName":"photo-1517486430290-35657bdcef51.jpg","name":"photo-1517486430290-35657bdcef51","width":500,"height":331,"thumbnail":{"url":"np://user.desktop.nicepage.com/Site_167249435/images/thumbnails/photo-1517486430290-35657bdcef51.jpg","width":250,"height":166},"originalUrl":"//images03.nicepage.com/c461c07a441a5d220e8feb1a/36a0bb32fc055029999fb39e/photo-1517486430290-35657bdcef51.jpg"},{"id":"user-image-photo-1512505965932-0dbfa7e7b8c8.jpg","publicUrl":"np://user.desktop.nicepage.com/Site_167249435/images/photo-1512505965932-0dbfa7e7b8c8.jpg","size":49792,"fileName":"photo-1512505965932-0dbfa7e7b8c8.jpg","name":"photo-1512505965932-0dbfa7e7b8c8","width":500,"height":625,"thumbnail":{"url":"np://user.desktop.nicepage.com/Site_167249435/images/thumbnails/photo-1512505965932-0dbfa7e7b8c8.jpg","width":200,"height":250},"originalUrl":"//images03.nicepage.com/c461c07a441a5d220e8feb1a/7daada0960b45750af5e1e48/photo-1512505965932-0dbfa7e7b8c8.jpg"},{"id":"user-image-pexelsphoto.jpg","publicUrl":"np://user.desktop.nicepage.com/Site_167249435/images/pexelsphoto.jpg","size":69591,"fileName":"pexelsphoto.jpg","name":"pexelsphoto","width":2250,"height":1500,"thumbnail":{"url":"np://user.desktop.nicepage.com/Site_167249435/images/thumbnails/pexelsphoto.jpg","width":250,"height":167},"originalUrl":"//images03.nicepage.com/a1389d7bc73adea1e1c1fb7e/737ff61a39d75cc2ad59b389/pexelsphoto.jpg"},{"id":"user-image-53e0d046495aa814f6da8c7dda79367d1d38d6ed5b586c4870277cdd9f49cc59bd_1280.jpg","publicUrl":"np://user.desktop.nicepage.com/Site_167249435/images/53e0d046495aa814f6da8c7dda79367d1d38d6ed5b586c4870277cdd9f49cc59bd_1280.jpg","size":255120,"fileName":"53e0d046495aa814f6da8c7dda79367d1d38d6ed5b586c4870277cdd9f49cc59bd_1280.jpg","name":"53e0d046495aa814f6da8c7dda79367d1d38d6ed5b586c4870277cdd9f49cc59bd_1280","width":1280,"height":853,"thumbnail":{"url":"np://user.desktop.nicepage.com/Site_167249435/images/thumbnails/53e0d046495aa814f6da8c7dda79367d1d38d6ed5b586c4870277cdd9f49cc59bd_1280.jpg","width":250,"height":167},"originalUrl":"//images03.nicepage.com/c461c07a441a5d220e8feb1a/9a60db2b25675f428ae1b09a/53e0d046495aa814f6da8c7dda79367d1d38d6ed5b586c4870277cdd9f49cc59bd_1280.jpg?version="},{"id":"user-image-pngegg1.png","publicUrl":"np://user.desktop.nicepage.com/Site_167249435/images/pngegg1.png","size":350324,"fileName":"pngegg1.png","name":"pngegg1","width":1000,"height":685,"thumbnail":{"url":"np://user.desktop.nicepage.com/Site_167249435/images/thumbnails/pngegg1.png","width":250,"height":171}}]